{
  "xgboost": {
    "melhores_parametros": {
      "colsample_bytree": 0.8675365010654429,
      "learning_rate": 0.203117483419074,
      "max_depth": 10,
      "min_child_weight": 3,
      "n_estimators": 598,
      "reg_alpha": 0.38292687475378984,
      "reg_lambda": 2.4434241907782077,
      "subsample": 0.9395655297064336
    },
    "melhor_mae_log": 0.12257847256302819,
    "duracao_min": 19.524303873380024
  },
  "lightgbm": {
    "melhores_parametros": {
      "colsample_bytree": 0.8784119186699892,
      "learning_rate": 0.17531773932591585,
      "max_depth": 10,
      "min_child_samples": 41,
      "n_estimators": 580,
      "num_leaves": 105,
      "reg_alpha": 0.3586467812961639,
      "reg_lambda": 0.25416364906973876,
      "subsample": 0.7181162353675755
    },
    "melhor_mae_log": 0.11924317527796251,
    "duracao_min": 7.981302626927694
  },
  "random_forest": {
    "melhores_parametros": {
      "max_depth": 33,
      "max_features": 0.682180380667623,
      "min_samples_leaf": 2,
      "min_samples_split": 7,
      "n_estimators": 218
    },
    "melhor_mae_log": 0.13363511234429207,
    "duracao_min": 215.02618723313014
  }
}