{
  "xgboost": {
    "melhores_parametros": {
      "colsample_bytree": 0.6321296730347047,
      "gamma": 0.04707849413428006,
      "learning_rate": 0.05359786331478119,
      "max_depth": 9,
      "min_child_weight": 56,
      "reg_alpha": 0.5259908096680156,
      "reg_lambda": 1.1544499164857522,
      "subsample": 0.8671775480513688,
      "n_estimators": 4000
    },
    "melhor_mdape_real": 14.267809424761175,
    "duracao_min": 110.80111693541208
  },
  "lightgbm": {
    "melhores_parametros": {
      "colsample_bytree": 0.694791287941726,
      "learning_rate": 0.07145599889878906,
      "max_depth": 10,
      "min_child_samples": 109,
      "num_leaves": 109,
      "reg_alpha": 2.887945244033775,
      "reg_lambda": 7.523821084609852,
      "subsample": 0.8435909721327942,
      "subsample_freq": 1,
      "n_estimators": 4000
    },
    "melhor_mdape_real": 14.114069530734998,
    "duracao_min": 142.99637653827668
  },
  "random_forest": {
    "melhores_parametros": {
      "max_depth": 33,
      "max_features": 0.682180380667623,
      "min_samples_leaf": 2,
      "min_samples_split": 7,
      "n_estimators": 218
    },
    "melhor_mae_log": 0.13363511234429207,
    "duracao_min": 215.02618723313014
  }
}